INDEX;TIMESTAMP;LATITUDE;LONGITUDE;HORIZONTAL_ACCURACY;VERTICAL_ACCURACY;SPEED;SPEED_ACCURACY;ALTITUDE;COURSE;COURSE_ACCURACY;TRANSITION_TO
0;1614443965;48.82924706719251;9.066000366630586;1414.0;-1.0;-1.0;-1.0;0.0;-1.0;-1.0;none
1;1614443967;48.82399651644267;9.074676662637419;65.0;20.0;-1.0;-1.0;307.1768379211426;-1.0;-1.0;none
2;1614443967;48.82399491718371;9.074679306004146;65.0;10.0;-1.0;-1.0;307.1768379211426;-1.0;-1.0;none
3;1614443970;48.82402634600094;9.074755344628846;61.778497107151516;8.111524642635276;1.2157008647918701;13.438624284974745;310.8517824127466;-1.0;-1.0;none
4;1614443971;48.82407493524685;9.074791108238323;51.944888584418564;8.042718876437549;2.599260091781616;7.721189395183532;310.8691186470979;5.571569073044255;58.87806745529378;none
5;1614443972;48.824051356140345;9.07487781864276;42.14549479709315;7.856976919822872;2.599260091781616;6.513259813239275;310.84401831604345;357.4258559942016;64.90514696402916;none
6;1614443973;48.82403276867335;9.074828151668912;37.83405349400476;11.472263550278642;1.2634541988372803;3.014908217085876;310.8364724035548;325.00169809941394;68.251378296589;none
7;1614443974;48.824019275471926;9.074802887184463;22.738679160935547;7.464735330792947;1.2634541988372803;2.5100911229355596;310.83786944295065;300.91776571280946;63.2921509778766;none
8;1614443975;48.82403382592969;9.074749496654693;15.22914424596352;6.516947739002681;1.751400351524353;1.70972326639744;310.79114292196437;295.473813085502;26.624653765559287;none
9;1614443976;48.824035045614174;9.074712344041274;12.213292921807035;6.718396369008701;3.734125852584839;1.5041112880939338;310.7578811372562;289.95760401086113;16.037895844368496;none
10;1614443977;48.82402360675039;9.074644719331808;10.303643198966324;6.748460176653452;5.4345784187316895;1.5439724816599147;310.6777286274987;279.5554303833931;9.519847471121432;none
11;1614443978;48.824021423281714;9.074577379567485;9.297669299434315;6.849201440878238;5.192684173583984;1.1865916836578692;310.611721456071;279.9618219386824;9.372824709765606;none
12;1614443979;48.82402237644171;9.07449245498111;8.534775594612958;6.923052438894434;5.4345784187316895;1.3486551858532378;310.57398027047896;275.91966486058595;9.729202295714748;none
13;1614443980;48.824027416222656;9.07441884263608;8.534775594613444;6.9230524388938335;5.434578418729723;1.3486551866346095;310.5739826411009;275.9196094532334;9.729202295715018;none
14;1614443981;48.824035828543124;9.074328141594599;8.017445945505312;6.964002469703759;5.672039031980187;0.8373040413267642;310.438908809796;277.1388043530848;1.5300257327336455;none
15;1614443982;48.824047425855596;9.074240233948606;7.857943268006691;7.171213943690988;6.187485694882352;0.7871113999691564;310.28710912074894;279.3751901191777;1.7991471817823048;none
16;1614443983;48.8240581972339;9.074147609215991;7.474186899427292;7.026935745932616;6.780864238735195;0.9720728426168344;310.185982119292;278.3483581542969;1.6381152864244912;none
17;1614443984;48.82406606273076;9.07404658846356;7.14754306532055;6.922446680478737;6.7808642387351945;0.6791368629080559;309.4695825576782;278.3483581542969;1.1198076666219101;none
18;1614443985;48.82409278801985;9.073936769291944;6.839861761857826;6.851068232660666;7.246804237361061;0.3079722124893925;309.398893751204;278.3483581542969;1.0000000000008076;none
19;1614443986;48.82410232864697;9.07383830832574;6.633013418731852;6.812007046376846;6.988395690913786;0.8625281626902221;309.28189610131085;278.3483581542969;4.270406781256161;none
20;1614443987;48.82411407091202;9.073717125969582;6.3296986367999475;6.82517385726782;8.143599510186265;0.7877443657621331;309.13487255200744;278.3483581542969;1.7189842118248049;none
21;1614443988;48.82412289757665;9.073626033180124;8.53588106216739;9.227151273718288;7.298669338221559;0.8386775097520582;308.9793712403625;278.3483581542969;2.9505455745009277;none
22;1614443989;48.82413535013422;9.07351837762432;7.699350979645759;8.472251015134102;7.774421215051622;0.599227879233277;308.5137497903779;280.4249267578125;1.5796697621821432;none
23;1614443990;48.82414783001707;9.073415650623668;6.692903740264848;7.444620831529739;7.301021099085811;0.5613801373198442;308.33479452319443;280.4249267578125;1.2731050938573973;none
24;1614443991;48.82416181757199;9.073313192144967;5.979820209343401;6.85261356737175;7.280483245844885;0.5282127011664446;308.1460600802675;282.4647521972656;1.2830354907598307;none
25;1614443992;48.82417517998908;9.07322164383789;5.823128425137363;6.767326248893044;7.2804832458448825;0.8812260959172692;307.9575744261965;282.4647521972656;4.018436134416309;none
26;1614443993;48.82418690602814;9.073141306618199;5.8124275738883995;6.745593633206232;6.658967018123825;0.724828252991554;307.72347798384726;282.4647521972656;2.274756137808531;none
27;1614443994;48.82419867215524;9.07306069469862;5.625954002734365;6.666457065768962;6.396466732021942;0.7096219274950356;307.34265328384936;282.4647521972656;2.8941817326405626;none
28;1614443995;48.824209558524835;9.072986110207898;5.421498026518271;6.618861154647199;5.9248814582799225;0.6302610106834488;306.89922669995576;282.4647521972656;3.14967223127437;none
29;1614443996;48.82421747779361;9.072931853847392;5.458548801988687;6.654973025749489;4.69478511810176;1.209354069790524;306.5024069426581;282.4647521972656;10.541928666888143;none
30;1614443997;48.82422513164334;9.07287941592286;5.638360547679057;6.774955915812933;4.69478511810176;1.2694200882870141;306.08208010252565;282.4647521972656;13.477403969045547;none
31;1614443998;48.824214448791714;9.07285434231719;6.7534546426013184;8.158987741531206;3.6188151836389455;1.4782808691525706;305.5925397602841;282.4647521972656;15.160499511527782;none
32;1614443999;48.82421413820164;9.07285490211107;6.864611770772499;8.205240108279213;2.034430742263691;1.1505958464763566;305.2036896208301;282.4647521972656;16.991098114394777;none
33;1614444000;48.82423667221734;9.072800349323153;5.5176011964526355;2.1381781268005016;3.273902354225911;2.061557790723814;303.8849767418578;241.9403624914733;34.23070793879825;none
34;1614444001;48.82413897975095;9.07275968184706;5.739695154674769;1.886103287127732;3.7321906438898673;2.376766312995081;303.8052595509216;215.79825310126736;31.793784038938163;none
35;1614444002;48.82407933961032;9.072753188656092;5.837140274623674;1.7768113660924743;5.0822083848173785;2.2558981393555615;304.0921993199736;184.89199829101562;18.645954979334295;none
36;1614444003;48.82401234871609;9.072738724426397;5.811606265031388;1.8779666467216742;6.221957165716071;2.1172516458603554;304.2052761968225;184.89199829101562;14.259814296191712;none
37;1614444004;48.82395977383786;9.07272675989956;5.70767804739798;2.073019310368718;5.242781723185516;1.5059303785180789;304.6153448401019;184.89199829101562;12.87394346315847;none
38;1614444005;48.82391438448834;9.07270582683325;5.725672417674449;2.0633976587190834;5.690046037432046;1.6496198653554408;305.1283555123955;184.89199829101562;12.95881311118021;none
39;1614444006;48.82386480765196;9.072670384992922;5.852657909750756;1.9210084859344267;6.160694552229593;1.7089937856455988;305.2166181113571;184.89199829101562;12.498743395600616;none
40;1614444007;48.823767654322886;9.07271905757236;5.571569388792193;1.9547323081210066;7.372486007696864;1.6346653088336007;305.57046041451395;184.89199829101562;9.457000939161647;none
41;1614444008;48.823696802242175;9.072704548204495;5.763373198567878;1.6505247892964974;7.566811999133643;1.923836296949098;306.16879908461124;187.57504272460938;10.687411890338483;none
42;1614444009;48.823633217338944;9.072704825292112;6.396263483771135;1.1685867930879401;7.491806315142516;2.226530198001919;306.8098491271958;187.57504272460938;12.356875916527514;none
43;1614444010;48.8235618858249;9.072705051935031;7.353378564883694;1.1255585216994624;7.587342901274235;2.456574713711153;307.21646944526583;187.57504272460938;13.463951382836203;none
44;1614444011;48.823487434980585;9.072691200183911;7.755690126009389;1.2700871585270546;7.720076752914129;2.4632696165415218;307.48652439471334;186.35841369628906;13.29261365764973;none
45;1614444012;48.823426823310236;9.072677090381479;7.501943666427582;1.2769666405048374;7.24754463206414;2.151510618337122;306.0352646820247;186.35841369628906;12.459007836783499;trafficLight
46;1614444013;48.82338581211643;9.072680540679649;6.734236097434395;1.216611916459405;6.215319398414932;1.726207027947261;305.67653487995267;192.5642547607422;11.86328870681262;none
47;1614444014;48.82336010989064;9.07267083496747;6.380612252005437;1.2238161702818344;4.726993925614533;1.564067986520489;304.98295180127025;192.5642547607422;14.18951419577068;none
48;1614444015;48.82335122658917;9.072665793321125;5.928234296011196;1.4151754969658012;3.083450382897838;1.4166860666944603;305.1188064292073;194.2177734375;19.973991223511433;none
49;1614444016;48.82334456196913;9.072659829053947;5.702492595616212;1.6074592757230113;1.7217219263450056;1.4184525110092159;304.99498764425516;194.2177734375;35.59976749967468;none
50;1614444017;48.82333925472041;9.072660760534784;5.6206697306274185;1.676035895156418;0.9080154484456889;1.4491944343783065;305.4552782084793;194.2177734375;68.70077758226243;none
51;1614444018;48.82333068789115;9.072657850338302;5.619494779936308;1.6905164926122724;0.0;1.3001751849288634;305.4046469964087;194.2177734375;180.0;none
52;1614444019;48.82332549299909;9.072656824388886;5.521101398469967;1.828107321959466;0.0;1.3150229511635154;305.5295752044767;194.2177734375;180.0;none
53;1614444020;48.82331288174385;9.07264529158558;5.516425848303096;1.8421679871722612;0.0;1.151533642890945;305.31871699821204;194.2177734375;180.0;none
54;1614444021;48.82330113016335;9.072634730744479;5.4564452337970435;2.0128940467303202;0.0;1.157821617873612;305.41845484729856;194.2177734375;180.0;none
55;1614444022;48.823296179863554;9.072623706474976;5.447174384058775;2.0378489302307785;0.0;0.9718515066763732;305.3407749924809;194.2177734375;180.0;none
56;1614444023;48.82328987907869;9.072619655218373;5.4406470975951535;2.055211957978609;0.0;1.3177235292383849;305.63536807429045;194.2177734375;180.0;none
57;1614444024;48.823279165803584;9.072600313002424;5.48291737350819;1.9396273116428535;0.0;1.5072156164325068;305.4967631408945;194.2177734375;180.0;none
58;1614444025;48.82327623371296;9.072594080311685;5.4223453382386975;2.1030235532846273;0.0;1.4064299370939122;305.2337190574035;194.2177734375;180.0;none
59;1614444026;48.823271848609686;9.072592205382618;5.358972642011808;2.259634761406769;0.0;1.217361685770987;305.47660726867616;194.2177734375;180.0;none
60;1614444027;48.82326611429007;9.072583392323912;5.3707839693835755;2.231415825658956;0.0;1.4588183677633486;305.3114533452317;194.2177734375;180.0;none
61;1614444028;48.82326671999081;9.072584039902257;5.344338858666524;2.294031210889649;0.0;1.3434045345669077;304.98057950660586;194.2177734375;180.0;none
62;1614444029;48.82326450844642;9.072578709392465;5.344651494773647;2.293302734529974;0.0;1.3435492439469197;305.08282588701695;194.2177734375;180.0;none
63;1614444030;48.82325474611092;9.072572364458782;5.323648279809673;2.3416460077621335;0.0;1.315290369738705;305.2206959053874;194.2177734375;180.0;none
64;1614444031;48.82324802059317;9.07257162685955;5.274724303705637;2.4498613333586703;0.0;1.2020349477109933;305.1226720539853;194.2177734375;180.0;none
65;1614444032;48.82324333540302;9.072564289041715;5.249530126384748;2.5033917961373473;0.0;1.2018761211762041;304.91352126467973;194.2177734375;180.0;none
66;1614444033;48.82323802527808;9.072563231261546;5.232390657416455;2.5390204884895744;0.0;1.2439020159497722;305.0182467130944;194.2177734375;180.0;none
67;1614444034;48.82322954465902;9.072566837383771;5.1754697619892625;2.6531207615793986;0.0;1.27134927051257;305.05231298319995;194.2177734375;180.0;none
68;1614444035;48.82323248096322;9.07256413974767;5.232251134623817;2.5393079956981617;0.0;1.1678721248622193;305.06862656772137;194.2177734375;180.0;none
69;1614444036;48.823233005863166;9.07257000455842;5.276678243771825;2.445649963607613;0.0;1.3053408900645487;305.0329486904666;194.2177734375;180.0;none
70;1614444037;48.823234091750614;9.072581351625725;5.321234019239793;2.3471270833241973;0.0;1.4171493715770898;305.37463486287743;194.2177734375;180.0;none
71;1614444038;48.82324128096109;9.072581633532392;5.345277310254158;2.291843692155055;0.0;1.4645902551192134;305.2479471191764;194.2177734375;180.0;none
72;1614444039;48.82324271560352;9.072585539336055;5.385724361001199;2.1951105074932;0.0;1.4972776931866196;305.2702451562509;194.2177734375;180.0;none
73;1614444040;48.82324835761725;9.072590214916065;5.448793553709153;2.033515635997523;0.0;1.5240388117591408;304.93343635834754;194.2177734375;180.0;none
74;1614444041;48.82325085650892;9.072594282807792;5.417992571571709;2.114212271079378;0.0;1.4475496879037415;305.10153912194073;194.2177734375;180.0;none
75;1614444042;48.823249251156945;9.072602804577418;5.377604361275536;2.2149285239887897;0.0;1.3408458173233608;305.1542791817337;194.2177734375;180.0;none
76;1614444043;48.82325410010932;9.072608551682873;5.351704105105081;2.2767960392161304;0.0;1.3710791934749647;305.20598863903433;194.2177734375;180.0;none
77;1614444044;48.82325884083523;9.072617310337819;5.341626951517584;2.300338788876499;0.0;1.4090817270717981;305.0859579881653;194.2177734375;180.0;none
78;1614444045;48.82326854346657;9.072616097577388;5.354750796459324;2.269621320971202;0.0;1.3337662553597074;305.0115733286366;194.2177734375;180.0;none
79;1614444046;48.82327222946967;9.072624034238356;5.3562460466257305;2.266090316116078;0.0;1.3370882915156652;305.1324461270124;194.2177734375;180.0;none
80;1614444047;48.823271879715584;9.072625023904141;5.3479196514221705;2.285671112544718;0.0;1.3676677010734999;305.14287906046957;194.2177734375;180.0;none
81;1614444048;48.823272778089894;9.07263443644631;5.359615432411889;2.25810970713142;0.0;1.4322301216862114;305.1919087190181;194.2177734375;180.0;none
82;1614444049;48.82327510352537;9.07263564599851;5.317885183875978;2.35470469568929;0.0;1.3003598033515034;305.244754482992;194.2177734375;180.0;none
83;1614444050;48.82327011563819;9.072633648590376;5.23729746851734;2.5288835993478824;0.0;1.2190314675394298;305.13966511096805;194.2177734375;180.0;none
84;1614444051;48.82327029383969;9.072634609686292;5.225873374621798;2.5524075899447998;0.0;1.2878283181844712;305.2265189476311;194.2177734375;180.0;none
85;1614444052;48.82327049154993;9.072633862396188;5.201501496121402;2.6017146689511614;0.0;1.24282033954089;305.1370059112087;194.2177734375;180.0;none
86;1614444053;48.82326970007483;9.072635738497409;5.207392641966725;2.589903261741576;0.0;1.2357736265328743;304.70488392561674;194.2177734375;180.0;none
87;1614444054;48.82327687691634;9.072637586781378;5.204321645018971;2.596068806479496;0.0;1.2839202651249793;305.0699547501281;194.2177734375;180.0;none
88;1614444055;48.82328049373604;9.072638782744903;5.213809272230736;2.5769613706048515;0.0;1.3343153397738297;304.9561730250716;194.2177734375;180.0;none
89;1614444056;48.82328313398715;9.072644791695943;5.222633037584613;2.5590312986594266;0.0;1.3546693092455269;305.0541234323755;194.2177734375;180.0;none
90;1614444057;48.823287605886435;9.072648266340465;5.21905926355516;2.5663120301880507;0.0;1.311176277694491;304.9987789429724;194.2177734375;180.0;none
91;1614444058;48.82328745987522;9.072648283957754;5.229149204254805;2.545689618242998;0.0;1.3703870670839913;304.99457747954875;194.2177734375;180.0;none
92;1614444059;48.82328745987522;9.072648283957754;5.21551030946497;2.573516901956047;0.0;1.2800725564138125;304.99457747954875;194.2177734375;180.0;none
93;1614444060;48.82328745987522;9.072648283957754;5.198653345679925;2.607401086185199;0.0;1.3275114232912377;304.99457747954875;194.2177734375;180.0;none
94;1614444061;48.82328745987522;9.072648283957754;5.205691580324047;2.593320690414542;0.0;1.289971770191022;304.99457747954875;194.2177734375;180.0;none
95;1614444062;48.82329246226224;9.072645838477214;5.215728367910666;2.57307493574532;0.0;1.3567644496148352;304.88353994861245;194.2177734375;180.0;none
96;1614444063;48.82327674522735;9.072631684275919;5.187648874907932;2.6292272977921294;1.1219560920470528;1.5904791654517698;305.1427954547107;194.2177734375;62.39840731025542;none
97;1614444064;48.8232569795544;9.072631185473142;5.181975719655956;2.64039100772688;1.9033786442052034;1.423630183907506;304.94599436596036;194.2177734375;32.45066528831512;none
98;1614444065;48.82321818732764;9.07261805579779;5.165589654322252;2.672306224209297;3.0776623063167388;1.379540426229056;305.55623677838594;194.2177734375;19.420874115474746;none
99;1614444066;48.823180928570665;9.072590917561039;5.169756455535457;2.664236330215152;3.6772417943845603;1.403955730890006;305.9362804014236;194.2177734375;16.52180638047001;none
100;1614444067;48.82314398666316;9.072572328975218;5.173823143110543;2.6563303854382605;3.9544522314061967;1.3692439558390737;305.56051744148135;196.6331024169922;15.90471824381709;none
101;1614444068;48.823109183610754;9.072556582958548;8.26956979441637;2.5781961163249223;4.411876326448095;1.3627576873862672;306.12320510018617;156.04650594894127;16.375235408033276;none
102;1614444069;48.82309093247541;9.072565927606535;12.422970963182921;2.6206820113462785;4.671830044408801;1.344189294146703;306.1439020745456;137.07388642076052;16.22125540734487;none
103;1614444070;48.823058686871335;9.07281747443864;5.139729666005233;2.7217119599940345;5.164021530694466;1.4170636198799584;306.10559185314924;89.3791275024414;12.212884968043468;none
104;1614444071;48.823066801275445;9.07291977652919;5.152980976020389;2.6965392809230115;6.292916221274677;1.4704769421571828;306.29881218262017;84.22381591796875;10.33238884582013;none
105;1614444072;48.82307945789345;9.0730366985716;5.163393822500499;2.676546518660291;7.466218549435768;1.44953298644379;306.5574261350557;81.42337036132812;8.626154551016583;none
106;1614444073;48.82309491659666;9.073165973363947;5.18616462515595;2.632153778480634;8.541238349956176;1.491189730394839;306.12603104300797;77.06375122070312;8.080175768151406;none
107;1614444074;48.82311807164498;9.073299188372788;5.206764371473951;2.59116611060316;9.115215558133201;1.5471256100862807;306.4227050319314;77.06375122070312;7.693975191537493;none
108;1614444075;48.8231388702765;9.073429378981247;4.87288548646615;3.174826620238715;9.336661834403031;1.5391769064478054;306.51481905020773;73.98416900634766;6.948033308500492;none
109;1614444076;48.82316330153972;9.073567598402864;4.808803175668634;3.2710776588867625;9.761585208505617;1.55424394243187;307.7135567497462;77.93936920166016;6.458005096143213;none
110;1614444077;48.82318676364494;9.07369680302919;4.795185123638319;3.2910084568148092;9.602015812401932;1.517286464891802;306.7594979470596;77.93936920166016;6.436602240953895;none
111;1614444078;48.823200956313045;9.073817768088714;4.8078833343119065;3.2724295067173963;9.193216214477568;1.3414488143123429;307.9274642756209;84.77335357666016;6.7146910476742185;none
112;1614444079;48.82319669826177;9.073938407224022;4.775866357915954;3.3189814046052493;8.971547727472002;1.2982606769689857;307.4389335475862;84.77335357666016;5.743237250857465;none
113;1614444080;48.82320147761574;9.074059510119143;4.749251167463623;3.356955522662499;8.820177614222828;1.3264877476331423;307.701521682553;84.77335357666016;5.826235700773585;none
114;1614444081;48.8232073283632;9.074175446522403;4.738156651513362;3.3725967115130318;8.73709350450863;1.3722278464817248;307.9922018991783;89.54666137695312;5.866561586010465;none
115;1614444082;48.82320876269453;9.074304858029196;4.73118441943879;3.382370621627451;9.102740977419241;1.3083685161462522;308.6050991974771;89.54666137695312;5.839969613932688;none
116;1614444083;48.823206502392885;9.074431412866652;4.727887882987083;3.3869770000241735;9.169317328895328;1.3419207190848828;308.32228649780154;94.24369812011719;5.751927665056945;none
117;1614444084;48.82320644328028;9.074552001618923;4.723406344050762;3.3932240630070174;8.999661454891005;1.4107123706609421;308.67758175637573;94.24369812011719;5.924791164214481;none
118;1614444085;48.823204543978854;9.074673220575981;4.746977325504998;3.360170130206245;8.900978468334939;1.3576895690419186;309.0511084459722;94.24369812011719;6.507464557301281;none
119;1614444086;48.82320185486817;9.074794586445728;4.797940877608938;3.286989560031795;8.855887569324201;1.4247594833426431;309.2360960058868;96.09780883789062;7.152247110066666;none
120;1614444087;48.82319268201683;9.074919473401332;4.831804154377133;3.2370056605654423;8.972040908344514;1.3294640844198178;309.4573324052617;96.09780883789062;6.711017764275922;none
121;1614444088;48.82318122184559;9.075043116820797;4.866201147758085;3.185062546065105;9.029156653142502;1.3496882902196703;309.97815118264407;95.87366485595703;6.725960121368093;none
122;1614444089;48.82317513025554;9.075165778958326;4.887805701377223;3.151807807968809;9.029770582553962;1.3747706627328795;309.99838823545724;95.87366485595703;6.791734543965224;none
123;1614444090;48.823166354324435;9.075290007359827;4.920992076537154;3.099737733332836;9.08762532129731;1.3596395793106872;310.42082489840686;95.87366485595703;6.760373826883038;none
124;1614444091;48.82315220281332;9.0754148054784;4.920182598044217;3.1010224498851486;9.070926983174555;1.3896262416773526;311.0438288990408;98.00642395019531;6.763444051600571;none
125;1614444092;48.82312456357027;9.075547323113957;4.9168517420080216;3.106301012442536;9.50206355785528;1.3152617002914877;311.34346140082926;98.00642395019531;6.131851990189197;none
126;1614444093;48.82310391468073;9.075676967658682;4.902446822471676;3.1289858078339385;9.760869660033093;1.3316673133290748;311.0434428798035;98.00642395019531;5.8668667997036295;none
127;1614444094;48.82308899114068;9.075814253064824;4.945199971217923;3.0609694995956898;10.004273875065879;1.3777714579375546;311.18718246370554;98.00642395019531;6.210006628994811;none
128;1614444095;48.82307263906506;9.075948524464268;4.9673363271414015;3.024914353473533;9.82241643570554;1.4185444754130345;310.52958498802036;101.45293426513672;6.46753800630669;none
129;1614444096;48.823044270027886;9.076068342162085;4.964740869347623;3.0291723511576967;9.394666997024121;1.4381439045841278;310.73282605502754;101.45293426513672;6.8704408438009095;none
130;1614444097;48.82301451517568;9.076171877140176;4.953233057675167;3.0479532983861066;8.723030031242262;1.3714258627421057;311.1710348073393;101.45293426513672;7.75397559115972;none
131;1614444098;48.8229210265844;9.076232200775879;4.984439252843829;2.9966485225161943;8.555317622506635;1.406641707034257;311.9225887013599;152.78265380859375;8.862939070057392;none
132;1614444099;48.82282370497927;9.076254837988172;5.0049330490797495;2.962293403263443;9.4386793640421;1.3097008211348884;311.6930574234575;166.22528076171875;7.340690004752244;none
133;1614444100;48.82272482801565;9.076257428445718;5.043643541692887;2.89589310181306;10.134441259558733;1.3836007611592873;312.71122213453054;166.22528076171875;6.473640998141576;none
134;1614444101;48.822603061065756;9.076228781277662;5.087700115065082;2.8177729809116254;11.710642183761857;1.4787845379834;313.5559110343456;193.2180938720703;5.483362103952565;none
135;1614444102;48.822466493589864;9.076196756969201;5.143152194217322;2.7152389471106186;13.377088256354432;1.5909072840743264;315.1921453336254;192.07110595703125;5.150462663860139;none
136;1614444103;48.822310006077;9.076127127602655;5.204379670964975;2.595952479001752;14.620062637558508;1.7384576175738546;317.69215206149966;192.07110595703125;5.155366642163002;none
137;1614444104;48.82214207899941;9.076089886917956;5.241765667224856;2.5196090416355466;15.735233711151118;1.8068582221797644;317.394056359306;181.6895751953125;5.196037009272215;none
138;1614444105;48.82195662295447;9.076102862045474;5.226721178603614;2.5506710399275865;17.68575438780971;1.8667402460231228;315.8122329097241;167.33120727539062;5.233146192313337;none
139;1614444106;48.821783653582116;9.076178068347758;5.203482319672403;2.597750715839674;18.41983756935074;1.888713868461057;318.65928576514125;154.91970825195312;5.33210626072903;none
140;1614444107;48.821617751850475;9.076309737238182;5.2091620983797835;2.5863424494046345;19.131007029917193;1.8845920772401263;319.6388998795301;147.7662353515625;5.448762341609419;none
141;1614444108;48.82147791800951;9.076467448756938;5.193255519990397;2.6181356223232797;18.56172303367778;1.866395111300104;317.6483512111008;154.56446838378906;5.512677550630074;none
142;1614444109;48.821323450862685;9.076556056042255;5.231921023528023;2.5399880779945248;18.143351845035657;1.8592138863630725;316.3294308949262;166.36178588867188;5.48848850162869;none
143;1614444110;48.82117914908786;9.07659727194828;5.2494572086560805;2.503544696480881;17.12006349152528;1.792210384828209;317.05401603039354;177.26583862304688;5.359268322631973;none
144;1614444111;48.82103756097227;9.076563804066932;5.308872504415988;2.374954686861362;15.966736996016378;1.7965732788643867;316.32419197354466;191.6829071044922;5.183434620150228;none
145;1614444112;48.82089313295132;9.076502522978538;5.343265351500554;2.3548634526311276;15.878855240677002;1.770912383051301;317.0419880915433;206.630859375;5.125671549183885;none
146;1614444113;48.82073333638362;9.076343460209443;5.413249340140933;2.277802450268817;17.38482404922515;1.858213487385289;317.6874496927485;214.9014129638672;5.254031020822097;none
147;1614444114;48.8205701573855;9.07617266198589;5.584564366891576;2.211754266476284;19.376997003658772;1.9930030108117078;319.70833185780793;214.9014129638672;5.362078778932205;none
148;1614444115;48.82038768055018;9.075967036884277;5.648922197602659;2.2358884662444836;21.878149948407053;2.1315457078645927;321.41262447088957;207.71319580078125;5.387079804757381;none
149;1614444116;48.820190366714826;9.07573560225422;5.78660622071818;2.190040007990702;24.5383552818179;2.315104850095727;322.77626887056977;216.44735717773438;5.3948210427444305;highwayEntrance
150;1614444117;48.8199879646379;9.075488032653501;5.964657681431502;2.127712737485794;26.555572446159566;2.4690368682786765;324.8521705465391;213.764404296875;5.411086360222377;none
151;1614444118;48.819782535278634;9.075225672803464;6.0302797884213;2.089809362868247;28.046199553404488;2.5933472440555216;323.7220102213323;219.58456420898438;5.393735120485778;none
152;1614444119;48.819568694995;9.074959699688034;6.109070913297503;2.0506592096377947;29.175493599492782;2.6996584486566366;324.7870447235182;219.90235900878906;5.378233041182072;none
153;1614444120;48.8193546720281;9.074708452155129;6.224324716374839;1.9993361332312718;29.403608988737197;2.702507980003979;319.84233082458377;220.6247100830078;5.401910313623628;none
154;1614444121;48.81914682174007;9.07445092165377;6.258774946664379;2.0056786822813266;29.540715671562733;2.7149326276686927;317.81882394477725;221.71713256835938;5.386161311370734;none
155;1614444122;48.8189451161072;9.074179889066318;6.303264000808878;2.0850385576434816;29.942303933052827;2.756586706864543;316.5111543620005;222.12271118164062;5.3732321659255895;none
156;1614444123;48.81874237888109;9.073892929931603;6.330111598103988;2.037580294166191;30.49202648672847;2.8258343005843867;316.70098102185875;220.74652099609375;5.360914093046908;none
157;1614444124;48.8185347983378;9.073596201455098;6.312509186496282;2.0614554139959984;30.897271885673756;2.859816012065576;316.9566456740722;223.47787475585938;5.34901137971287;none
158;1614444125;48.81833354755099;9.073287663824772;6.293206701412957;2.1019007401417302;31.133081539456427;2.8816398050322323;316.78953434713185;225.81692504882812;5.334519352396252;none
159;1614444126;48.818131461134506;9.072992347326089;6.3047427774954095;2.1299420499627484;31.048420480694105;2.889066069327634;315.69492466095835;226.45831298828125;5.332778229852349;none
160;1614444127;48.81793923251459;9.072697602360353;6.253665891265259;2.166215820172203;30.770456973404883;2.8686948037827666;315.6305774394423;227.01380920410156;5.31663823830711;none
161;1614444128;48.817749728007065;9.07239298677483;6.166698575690862;2.2314614677899502;30.773704040246187;2.9126814669097976;315.99168866313994;228.8791961669922;5.284116571172287;none
162;1614444129;48.8175615242903;9.072071265821869;6.149922663175454;2.250357973496146;31.13971584489862;2.9537673180475643;318.5909193819389;229.6629638671875;5.2865516698255455;none
163;1614444130;48.81737490622746;9.071740775834224;6.104305768541873;2.2641544235305737;31.463870518728744;2.9571782271503277;318.8666265141219;230.55429077148438;5.297061419186621;none
164;1614444131;48.817193733125286;9.071398299440578;6.100594337825009;2.2447350254033367;31.84946454712741;2.982474173445582;319.2053968347609;232.3590545654297;5.304875576425532;none
165;1614444132;48.81701194918345;9.071043685874665;6.093552048733063;2.204092580921389;32.36160274107059;3.00834311420759;322.5741557115689;233.0520782470703;5.325745499985574;none
166;1614444133;48.81683448177573;9.070693989277434;6.195780868368845;2.1583733457298107;32.4689196683314;3.012453321611009;323.23802415281534;234.09194946289062;5.365909648957917;none
167;1614444134;48.81665999770286;9.0703259533125;6.274459595989521;2.1246304790912736;32.60239347389518;3.103435323641999;324.37190435640514;234.54052734375;5.534238294654726;none
168;1614444135;48.81648963369429;9.069950266932459;6.300714738685963;2.0947508639260035;32.844173929869534;3.2786386927578257;327.15852161869407;234.54052734375;5.7131681389390705;none
169;1614444136;48.81633488551404;9.069581161955856;6.206516552000838;2.2048760986617357;32.32141307683092;3.11998282630968;328.74057924654335;237.56448364257812;5.481416560899002;none
170;1614444137;48.81618012930475;9.069200632783552;6.2312469265307415;2.23280138533169;32.36278382667808;3.251464392357841;332.0397754125297;236.94309997558594;5.6749659827393035;none
171;1614444138;48.81603015961372;9.068839848625894;6.353174871237624;2.241665438917299;31.773956952446877;3.1411971738603977;329.02155963983387;238.99110412597656;5.687116432534923;none
172;1614444139;48.81589383693789;9.06847859918073;6.5743176916548105;2.1865294394992416;31.029512490388523;2.9942503150867132;325.7068250924349;239.99325561523438;5.6412072549878145;none
173;1614444140;48.815750637557514;9.068101002904095;6.595990303238749;2.187467709962876;31.164314976151413;2.9999117702661873;327.3191376263276;240.432373046875;5.609954738456856;none
174;1614444141;48.815613877173256;9.067722795147697;6.392915970810691;2.251823758853251;31.245471150128488;3.094303496753264;329.57926476560533;242.3091583251953;5.667304667353257;none
175;1614444142;48.81548493093212;9.067356130173525;6.222816581860105;2.3028491875297274;30.910110108389052;2.9816402724781716;331.34113814122975;242.42140197753906;5.501011482838249;none
176;1614444143;48.8153493946533;9.066989302084691;6.1695953626073745;2.2181531449915264;30.883415053333934;3.0481246503169825;329.5628881715238;241.3631134033203;5.584959096575087;none
177;1614444144;48.81521826116711;9.066608255572373;5.922987949548682;2.1855868256232016;31.239828187971877;3.0104289389137056;333.59202157426625;239.7583770751953;5.5225512966910095;none
178;1614444145;48.81509003679457;9.0662378735391;5.709651401251544;2.188170497140818;31.157361468499424;3.0596561862026843;336.3005819283426;239.7583770751953;5.54061656271018;none
179;1614444146;48.81495635982014;9.065871105000324;5.549934682440582;2.209732014345608;30.866426583288387;3.009269432548546;334.45590046886355;241.2054443359375;5.466041221966161;none
180;1614444147;48.814821365550664;9.065498404218044;5.547537570112185;2.2271851057593706;30.9147721276377;3.0778928908545433;334.97276391927153;241.2054443359375;5.527850989934002;none
181;1614444148;48.81469403327764;9.065128729988704;5.58575172479707;2.240527639811716;30.867455494980252;3.040673622001832;336.773654573597;241.2054443359375;5.505912308443434;none
182;1614444149;48.81455891106974;9.064751744775497;5.713854523700132;2.2459262872466765;31.11938170855268;2.964177874085661;338.1371867256239;241.2054443359375;5.465770724794631;none
183;1614444150;48.81442146843887;9.064381384761882;5.684647379772081;2.329722723310605;31.178468214005974;3.010238100140507;339.9187665088102;241.2054443359375;5.563135641672456;none
184;1614444151;48.81428985302142;9.06401020627563;5.781403681066499;2.3060527714501764;30.95604212367944;2.956820455001921;337.9799490785226;241.2080078125;5.580196832149618;none
185;1614444152;48.814156696804154;9.06364358485565;5.92012194416495;2.3492653526381346;30.941731472627396;2.885161923286978;338.2363955276087;241.3166961669922;5.483580782453423;none
186;1614444153;48.81401400638247;9.063276049372414;5.967576698272554;2.124095414176745;31.147739033847333;3.0410014093851885;344.7007525488734;241.41513061523438;5.67933047488748;none
187;1614444154;48.81388383163631;9.062909690073731;6.066719902871887;2.041682631414815;30.98956205128343;2.9771906289609027;341.63330226764083;241.41513061523438;5.579406787002842;none
188;1614444155;48.813740811392414;9.062540832682359;6.163669503997548;2.0682679004013647;31.055020385034823;3.019615545510284;344.55573590658605;241.41513061523438;5.61260307489304;none
189;1614444156;48.81360971354806;9.062179083041256;5.795774471816184;2.157513259266329;30.83314707917228;2.9919333638612193;344.8463281169534;241.04983520507812;5.543534695533527;none
190;1614444157;48.81349202054079;9.061806848368434;5.79029120439752;2.0485379100447263;30.645430955456693;2.9344577691941285;340.50379388965666;241.04983520507812;5.48691230609008;none
191;1614444158;48.813369206973164;9.061449458926903;5.686777180303606;2.050249333318059;30.191685785174336;2.9630254791567623;340.6078361971304;241.04983520507812;5.558645618772899;none
192;1614444159;48.81323607613779;9.061084160161116;5.630684005051055;2.1189411576460775;30.172457651822995;2.9218941012657274;340.6272550141439;241.04983520507812;5.476649128572228;none
193;1614444160;48.81310730165418;9.060730041983028;5.587808770708401;2.1402014102891616;29.75605829793472;2.8692529407256475;339.2631728341803;241.04983520507812;5.456704708071138;none
194;1614444161;48.81297529257021;9.060367507298809;5.338969399139222;2.3065001165930643;29.68543719741178;2.890111393555621;338.4911995306611;241.04983520507812;5.448444030071057;none
195;1614444162;48.81284548146678;9.060012648732336;5.329021141334315;2.329392776669651;29.520849872002454;2.920335624853017;335.45214327797294;241.15066528320312;5.513608563865233;none
196;1614444163;48.81271605049772;9.059657289780729;5.265772351035259;2.469044061952203;29.38744104472998;2.8738801545410126;335.10980288591236;241.41429138183594;5.452372225687212;none
197;1614444164;48.81258562037622;9.059306866491582;5.208994606867064;2.5866797672728414;29.23580542952275;2.738354643151191;334.9149083858356;241.41429138183594;5.285789291706275;none
198;1614444165;48.812461733979035;9.058960856422857;5.172423719705297;2.659054323743471;29.044767120402327;2.8259722933164872;334.8248420814052;241.39483642578125;5.4241455754956664;none
199;1614444166;48.81233932081943;9.058616422190608;5.158411478622907;2.68613626795073;28.82181529371466;2.7042613378737013;334.15888777188957;241.39483642578125;5.286782574065577;none
200;1614444167;48.812218175204286;9.058274268524455;5.132190146953444;2.7359022877842007;28.674733383394827;2.7908806967814597;334.0024073161185;241.39483642578125;5.4231449093515804;none
201;1614444168;48.81209629430277;9.057932883143296;5.124736397693827;2.7498388838150025;28.53984060660758;2.7793718197801907;333.5735920118168;241.15333557128906;5.42528770497317;none
202;1614444169;48.811970831346585;9.057595055138625;5.115409205027841;2.7671511881184356;28.459330824040862;2.846114979942148;333.47667537257075;241.15333557128906;5.5373232300329525;none
203;1614444170;48.81184520026235;9.057257979172237;5.096775021276161;2.801324939253606;28.390759219493418;2.840607512075654;333.31560471095145;241.15333557128906;5.546575747584843;none
204;1614444171;48.81172350041588;9.056920302867269;5.094465526260441;2.805522773839621;28.346180218791936;2.822110471386107;334.0929028009996;241.15333557128906;5.523208276374281;none
205;1614444172;48.81160409925978;9.056583029940564;5.095332405068461;2.803948058478989;28.305067960886433;2.8237534706197756;334.3112693903968;241.19906616210938;5.543078944756013;none
206;1614444173;48.81148348771859;9.056251372067463;5.075762850779857;2.8392197018603493;28.20111808851832;2.678065329030741;334.36466239765286;241.19906616210938;5.3641900897363985;none
207;1614444174;48.811364239936466;9.055923110118274;5.085075640009584;2.8225064691103836;28.07440393712179;2.789725935917829;335.74698241241276;241.19906616210938;5.547883536515452;none
208;1614444175;48.81124611663396;9.055602570740103;5.084984359339445;2.822670915651001;27.862571605744698;2.5923426168107997;333.8942824769765;241.19906616210938;5.302122248296124;none
209;1614444176;48.811125589854775;9.05527640257146;5.095707942646911;2.80326552364096;27.745727373343197;2.7439632366366276;333.71694499626756;241.19906616210938;5.533785685022591;none
210;1614444177;48.81100613731266;9.054953201625823;5.10824522934886;2.7803538820846967;27.61301074984521;2.578140529503789;334.5563223846257;241.19906616210938;5.318176984879547;none
211;1614444178;48.810887242218826;9.054633209405251;5.122491554494597;2.7540183926256487;27.344627422289985;2.694588424361435;335.4102772343904;241.04725646972656;5.53833756988942;none
212;1614444179;48.81077275799169;9.054313249589324;5.1321499320041415;2.7359777243644947;27.047403219597047;2.5696069643914425;335.43487914372236;241.04725646972656;5.386981272107946;none
213;1614444180;48.81066270863378;9.05399521425683;5.125300700172509;2.7487869625709505;26.84651840232738;2.641355889521198;335.78103443887085;241.04725646972656;5.512524861634667;none
214;1614444181;48.81054877522432;9.053680406276577;5.148500331180638;2.70508435591604;26.56326025334855;2.677083262142435;335.7536475555971;241.04725646972656;5.621191130390482;none
215;1614444182;48.81043702559263;9.053367249242212;5.14680508743254;2.7083084065090084;26.38395836193784;2.4873540276499773;335.9049543142319;242.18589782714844;5.350702636072262;none
216;1614444183;48.81032675191171;9.053060454815954;5.164874135428702;2.673688874564214;25.881831499592167;2.590728763320725;335.35583955887705;240.22496032714844;5.574413872692959;none
217;1614444184;48.81021400662695;9.052755519331294;5.187026286095762;2.630455348440731;25.495305176736373;2.4873044873700176;335.3189853746444;242.33909606933594;5.466882038539956;none
218;1614444185;48.81010405743931;9.05244730537742;5.1912700830779475;2.622070166362585;25.460226535283947;2.43133807206778;335.247989455238;240.60606384277344;5.376097200662756;none
219;1614444186;48.809993886517105;9.052142017072015;5.2001416645886875;2.604431550453502;25.128779163255803;2.3723237342149646;335.2226253906265;240.60606384277344;5.333991482441416;none
220;1614444187;48.80988593073096;9.051837275636627;5.2278456336204036;2.5483655671478767;24.95590816425715;2.3895250599487294;335.6685373727232;240.60606384277344;5.396176802275264;none
221;1614444188;48.809774525005054;9.051534284624513;4.987078808151692;2.992253664727163;24.806244913809824;2.4344858327695436;335.7074037278071;241.04286193847656;5.449558943252068;none
222;1614444189;48.80966384646729;9.051233765147714;4.886416213858437;3.153961575182903;24.628629969071167;2.478820016959592;336.2130964435637;241.04286193847656;5.518247416098973;none
223;1614444190;48.80955466848991;9.050934803066001;4.842516415399107;3.2209582113680115;24.5285845058641;2.310375780726856;336.3069826597348;242.30250549316406;5.253980700701451;none
224;1614444191;48.80944837742617;9.050635802090284;4.846473421302322;3.215001152316901;24.375747293615575;2.350941015750781;335.25097903516144;242.30490112304688;5.337203625518114;none
225;1614444192;48.8093432173945;9.050339698993936;4.875255042979141;3.171186733495095;24.428415325834692;2.350677321343421;334.3461626879871;241.19601440429688;5.337513064423617;none
226;1614444193;48.809237615286925;9.050038188364748;4.906866482017956;3.122050345596234;24.605503304291524;2.4572474118585643;334.96145651023835;240.92544555664062;5.473112904767466;none
227;1614444194;48.80913406407814;9.049734455183032;4.944151763853001;3.062662300805967;24.965614235029513;2.413043188810127;336.6750280596316;240.92544555664062;5.340657534812384;none
228;1614444195;48.80902545550106;9.049426428371953;5.028327936024758;2.9877621836222366;25.40718688062697;2.605759853469738;336.17202267609537;242.28558349609375;5.5653086298915735;none
229;1614444196;48.80891912795188;9.049123172447786;5.1663890922508235;2.9277256129433598;25.55022640693038;2.5356000906865677;336.4163341447711;240.93426513671875;5.45049615762021;none
230;1614444197;48.80880400059692;9.048816297572074;5.128805970120571;2.8830214192594874;25.873212542856457;2.5687609815928814;335.3191195782274;241.8099365234375;5.470082421619235;none
231;1614444198;48.80868696827974;9.048509987267094;5.0423315725015225;2.8981769003535915;25.8751297755595;2.4699826922945167;335.6261441465467;240.749755859375;5.331892164834068;none
232;1614444199;48.80857348890369;9.048209012273118;5.033262377978969;2.9138989116320313;25.504703100602285;2.5908393514299575;334.43121960014105;241.2235565185547;5.57485443892064;none
233;1614444200;48.80845584843299;9.047911997351063;5.0568733321769015;2.872728517473748;25.223860650642777;2.4744387452762298;334.184353236109;241.2235565185547;5.459122987051662;none
234;1614444201;48.8083499823449;9.04761906475214;5.108721752385871;2.7794782045355695;24.794186889727843;2.5206748347951042;335.8560042893514;241.2235565185547;5.628860907874651;none
235;1614444202;48.808239210830635;9.047326064014799;5.1659776963679915;2.671556002298528;24.940865533180236;2.425620542691902;335.484501298517;239.8524627685547;5.458024474419956;none
236;1614444203;48.80812705773468;9.047025211963463;5.229919526195083;2.5441066766769485;25.36150414894857;2.5700278419745164;336.7876831619069;240.22634887695312;5.632290859770645;none
237;1614444204;48.80801134749471;9.0467327942178;5.249303415946986;2.5038671450610446;25.41640194832467;2.539803964635011;337.1436407966539;239.42269897460938;5.581194016278443;none
238;1614444205;48.807892992096605;9.046430998073713;5.325465548321862;2.3375101553631303;25.52607540002557;2.4307042888591504;336.33187993522733;239.42269897460938;5.392569474940709;none
239;1614444206;48.80778046293363;9.046136092952054;5.274487745986977;2.4503705944656726;25.440254836189947;2.556095960156762;336.7508146939799;238.61936950683594;5.602279088660868;none
240;1614444207;48.80766453836174;9.04584462707092;5.295418612482172;2.4048032666657426;25.34228621246036;2.398742427582936;336.8704275963828;238.2088623046875;5.360481813695321;none
241;1614444208;48.80754554559586;9.04555347808944;5.387506991034848;2.340616237461658;25.278632960151775;2.5453409791042962;337.1468421127647;238.2088623046875;5.65435246935349;none
242;1614444209;48.8074257408738;9.045259523491232;5.521834154342741;2.2889459265399292;25.25157035706855;2.523462216761896;338.4053886253387;238.59738159179688;5.631738147142381;none
243;1614444210;48.80730318115262;9.04496887908165;5.666658589414763;2.2290954396229625;25.1880112783982;2.543985718747779;338.6914496431127;237.5679168701172;5.687774684464832;none
244;1614444211;48.80717875152469;9.044687563531435;5.810557252611666;2.187570346754774;25.09421014026375;2.3875452630283966;339.016577671282;236.86727905273438;5.410323929326471;none
245;1614444212;48.80705358552823;9.044400728936544;5.987052629440926;2.1120934770455406;25.036034297649238;2.4941583986692057;340.4453838551417;236.86727905273438;5.637656121973757;none
246;1614444213;48.80692684427578;9.04411893706001;6.099167982850291;2.1050442366267936;24.97969241862382;2.4742452772092074;340.88877224270254;236.57708740234375;5.608674356929084;none
247;1614444214;48.80679846822067;9.043840934568447;6.237109731880872;2.1114320670927333;24.703815097912095;2.4463768685181675;341.3434594674036;235.27377319335938;5.6085968880748105;none
248;1614444215;48.806669589102945;9.043572535939274;6.2758867803165375;2.0921057424634024;24.320744499812555;2.3285056387889607;339.5855162702501;234.26760864257812;5.4449208969784655;none
249;1614444216;48.80654654157074;9.043283822210764;6.201784035410619;2.081745787664347;24.491925983886564;2.46506140225355;341.3663254119456;234.64500427246094;5.695010901814274;none
250;1614444217;48.80641521048261;9.042998597590852;6.323654147413221;2.0358666749675343;24.958832630802895;2.4545697277603087;342.618141554296;233.9986114501953;5.562597119976568;none
251;1614444218;48.80628348749688;9.042713756284602;6.431175211574457;2.009107783257386;25.410430685398687;2.3856799818478165;344.2642462262884;233.9986114501953;5.316126468551628;none
252;1614444219;48.80614428087089;9.042431234157512;6.404042830405845;2.0336746853924628;25.99111102490086;2.500877913599973;345.2422678330913;232.43223571777344;5.44525396900983;none
253;1614444220;48.80600903587404;9.04214279106188;6.231784666337884;2.1328699896737513;26.006821710892027;2.599373715463231;346.75680941250175;232.43223571777344;5.642622079106534;none
254;1614444221;48.80587075050282;9.041858344207514;6.203033544143469;2.11825773664178;26.04263630262152;2.540432618324489;348.13091417681426;231.6061248779297;5.499567738881716;none
255;1614444222;48.80572928199024;9.041578238661867;6.071205403416231;2.1770906289750425;26.06700055527264;2.503276292298281;348.8410720396787;231.34970092773438;5.408902182690165;none
256;1614444223;48.80558233035368;9.041299063631493;6.012817262955694;2.184644446887917;26.24325048715699;2.494795315575366;349.4370141867548;230.791259765625;5.348562240128101;none
257;1614444224;48.80543581606647;9.041023993084597;6.058700563835097;2.1578703031597284;26.38203952119544;2.53081743601702;350.5317243905738;230.791259765625;5.392528182259503;none
258;1614444225;48.80528105316669;9.040753301123521;6.128436877599116;2.089905029922602;26.49337730447596;2.6196854594104484;350.2989232111722;230.21810913085938;5.555212758116061;none
259;1614444226;48.80512468793015;9.040487729887566;6.090022544474471;2.0762725110567866;26.588275959459736;2.5675600528513978;350.9054417805746;230.21810913085938;5.435473596958714;none
260;1614444227;48.80496824648666;9.040220442214256;6.074506261644032;2.062835574708948;26.637168534097334;2.5712145383247997;350.9970459342003;228.68763732910156;5.446411909378858;none
261;1614444228;48.80481025918927;9.039958544016727;6.211139878972198;2.033845258913605;26.740467397328853;2.593114609446854;351.72633821796626;228.68763732910156;5.475091171374398;none
262;1614444229;48.80464309283863;9.03968969684793;6.2715552716794205;2.0134063939499036;27.459350893114298;2.6632598511716057;351.7433215267956;227.88031005859375;5.495741645861923;none
263;1614444230;48.804484992898054;9.039425716486372;6.0605516595757685;2.0738747210481288;27.874219640032766;2.671230209192768;353.88507743086666;227.48553466796875;5.466391792926434;none
264;1614444231;48.80431613376076;9.03915510078664;5.832733250155636;2.142273455658363;28.377684010813898;2.702829319607978;354.82887700293213;226.45640563964844;5.459839642764435;none
265;1614444232;48.80414654241564;9.038878955953564;5.678569092238801;2.2364876607597117;28.500555470579027;2.74111633506275;355.98571642301977;226.25494384765625;5.514324070926291;none
266;1614444233;48.803976252248695;9.038604155453521;5.572038631547284;2.2931437177194733;28.29233528318616;2.7202443689719806;357.03561266697943;225.5447235107422;5.508876253133995;none
267;1614444234;48.803801234698994;9.038334069438426;5.5427561046049725;2.289287943190154;28.15860517288886;2.6400659150730696;357.950187087059;225.5447235107422;5.3740408264614725;tunnelEntrance
268;1614444235;48.80362182130156;9.038067579412129;5.55443630717547;2.318703232520293;28.09947531644722;2.63467081279706;358.85397727042437;225.0844268798828;5.363692479006021;none
269;1614444236;48.803438744477425;9.037804965701914;5.589057620466955;2.3619533329185773;28.111084074106138;2.7026380427490904;358.7335612727329;224.09461975097656;5.480656353185293;none
270;1614444237;48.80325319240338;9.037541903081074;5.893534938804547;2.42444844139492;28.197925742620857;2.6786153273147195;359.6558377398178;223.55877685546875;5.415369643117221;none
271;1614444238;48.803065653244985;9.037281047183175;6.360367142795832;2.540657715613311;28.314801662634366;2.693621704292133;360.48897127993405;222.8519287109375;5.412560745541447;none
272;1614444239;48.80287644130904;9.037022613874475;7.05052742479128;2.515194402127585;28.345339887641224;2.6774507203268096;361.343386487104;222.8519287109375;5.3652834673563365;none
273;1614444240;48.802687157017424;9.036763700234253;7.820813845492704;2.6362445120731315;28.373764850396757;2.765802537904097;362.26124939788133;221.98605346679688;5.51826504590512;none
274;1614444241;48.802491778358394;9.036506446707376;8.757456962520536;2.6885782611970073;28.441290028835635;2.729519346300896;361.3721635919064;221.98605346679688;5.427271189774619;none
275;1614444242;48.802298168972186;9.036252217254301;9.659208052323624;2.7188540856819707;28.4414262680534;2.8470615450842103;361.90904966183007;221.98605346679688;5.627677103405046;none
276;1614444243;48.802102584084935;9.0360008485747;10.90909299953264;2.846602724342677;28.52405871552438;2.7838069537471872;362.73182301130146;221.98605346679688;5.48046190629346;none
277;1614444244;48.8018803237585;9.035713815150087;11.50933909405397;2.8066765323154477;28.529451854520953;2.7990426820999943;364.6337654720992;221.98605346679688;5.4983656727714125;none
278;1614444247;48.80131057547825;9.034882556756571;13.060739278685318;3.272096587704852;-1.0;-1.0;364.6337654720992;220.91807556152344;3.0;none
279;1614444248;48.801097247140056;9.03460924805714;13.605422317873703;3.4355014994613673;-1.0;-1.0;364.6337654720992;220.24118041992188;3.0;none
280;1614444249;48.800909636517105;9.034368887982183;14.084441304098831;3.5792071953289057;-1.0;-1.0;364.6337654720992;220.24118041992188;3.0;none
281;1614444250;48.800723724416976;9.034130613600311;14.559198796641098;3.721634443091586;-1.0;-1.0;364.6337654720992;220.36614990234375;3.0;none
282;1614444251;48.800524187523735;9.03388001750207;15.064526319395767;3.873232699917987;-1.0;-1.0;364.6337654720992;218.2159881591797;3.0;none
283;1614444252;48.80030824600104;9.033618916541679;15.603170812021958;4.0348260477058435;-1.0;-1.0;364.6337654720992;218.92807006835938;3.0;none
284;1614444253;48.800108466589286;9.033369277228909;16.10805678356813;4.186291839169695;-1.0;-1.0;364.6337654720992;219.70269775390625;3.0;none
285;1614444254;48.799919010008146;9.033131141945645;16.58799278725313;4.3302726402751945;-1.0;-1.0;364.6337654720992;219.70269775390625;3.0;none
286;1614444255;48.799716854092594;9.032880502678314;17.09726679314302;4.483054842042162;-1.0;-1.0;364.6337654720992;219.30120849609375;3.0;none
287;1614444256;48.79953019635701;9.032648403836845;17.568046331297623;4.624288703488543;-1.0;-1.0;364.6337654720992;219.4912567138672;3.0;none
288;1614444257;48.79932783540313;9.032394167913312;18.080579280745255;4.778048588322832;-1.0;-1.0;364.6337654720992;220.3490447998047;3.0;none
289;1614444258;48.79913488438905;9.032139347149405;18.579628825079666;4.927763451623155;-1.0;-1.0;364.6337654720992;221.23077392578125;3.0;none
290;1614444259;48.79892946545385;9.03187060372127;19.108772814165818;5.086506648349001;-1.0;-1.0;364.6337654720992;220.7824249267578;3.0;none
291;1614444260;48.7987464751485;9.03163165465654;19.5797607897632;5.227803041028215;-1.0;-1.0;364.6337654720992;220.7824249267578;3.0;none
292;1614444261;48.798546913682834;9.031371066941343;20.093400299441086;5.381894893931581;-1.0;-1.0;364.6337654720992;220.7824249267578;3.0;none
293;1614444262;48.79836050706095;9.031127656844445;20.573181331049668;5.525829203414156;-1.0;-1.0;364.6337654720992;220.78546142578125;3.0;none
294;1614444263;48.7981633006824;9.030850962226905;21.097273826491104;5.683056952046587;-1.0;-1.0;364.6337654720992;223.59950256347656;3.0;none
295;1614444264;48.79797947421734;9.030615647460532;21.567538320910202;5.8241363003723166;-1.0;-1.0;364.6337654720992;220.72573852539062;3.0;none
296;1614444265;48.797790918271865;9.030353959853352;22.066259324442612;5.9737526014320395;-1.0;-1.0;364.6337654720992;223.46231079101562;3.0;none
297;1614444266;48.79760233463129;9.030089814721729;22.567068278681504;6.123995287703707;-1.0;-1.0;364.6337654720992;223.49232482910156;3.0;none
298;1614444267;48.7974157557446;9.02982631173318;23.06444632996248;6.273208703088;-1.0;-1.0;364.6337654720992;222.26768493652344;3.0;none
299;1614444268;48.797229608185766;9.029555743669535;23.56754529465364;6.424138392495348;-1.0;-1.0;364.6337654720992;224.70423889160156;3.0;none
300;1614444269;48.797044898070205;9.029282796834254;24.07069027413057;6.575081886338427;-1.0;-1.0;364.6337654720992;225.59072875976562;3.0;none
301;1614444270;48.79686413757544;9.02901471468963;24.564004778753983;6.723076237725451;-1.0;-1.0;364.6337654720992;224.54307556152344;3.0;none
302;1614444271;48.79668283625821;9.028739965185123;25.064031302820908;6.873084194945529;-1.0;-1.0;364.6337654720992;225.19625854492188;3.0;none
303;1614444272;48.796488553782204;9.02843952760642;25.605373799692856;7.035486944007113;-1.0;-1.0;364.6337654720992;225.95819091796875;3.0;none
304;1614444273;48.79632632182104;9.0281778008396;26.067497789751755;7.174124141024783;-1.0;-1.0;364.6337654720992;226.34535217285156;3.0;none
305;1614444274;48.79615077509252;9.027899429981218;26.56301981199907;7.322780747698977;-1.0;-1.0;364.6337654720992;225.70416259765625;3.0;none
306;1614444275;48.79596541090208;9.027614777477003;27.077681302916275;7.477179194974139;-1.0;-1.0;364.6337654720992;224.9029083251953;3.0;none
307;1614444276;48.795787890525524;9.027332249073758;27.579877316843735;7.627837999152376;-1.0;-1.0;364.6337654720992;228.65933227539062;3.0;none
308;1614444277;48.79562124073725;9.027043925110595;28.07329231489824;7.775862498568728;-1.0;-1.0;364.6337654720992;227.5550994873047;3.0;none
309;1614444278;48.795453547863325;9.02675972007234;28.563957273852097;7.923061986254885;-1.0;-1.0;364.6337654720992;228.397705078125;3.0;none
310;1614444279;48.79526876053987;9.026453790646514;29.09776478995012;8.08320424108429;-1.0;-1.0;364.6337654720992;226.35653686523438;3.0;none
311;1614444280;48.795106195873274;9.026189690608982;29.56259131420778;8.222652198361589;-1.0;-1.0;364.6337654720992;227.73411560058594;3.0;none
312;1614444281;48.794921550863194;9.025871592626158;30.107848286520706;8.386229290055466;-1.0;-1.0;364.6337654720992;229.38731384277344;3.0;none
313;1614444282;48.79476425973624;9.025609105847247;30.56421679247545;8.523139841841889;-1.0;-1.0;364.6337654720992;229.5435791015625;3.0;none
314;1614444283;48.794584621683605;9.025297809394617;31.09647732962297;8.682818002986146;-1.0;-1.0;364.6337654720992;227.72784423828125;3.0;none
315;1614444284;48.79441710435993;9.02501889011881;31.581848323237168;8.828429301070404;-1.0;-1.0;364.6337654720992;227.72784423828125;3.0;none
316;1614444285;48.79424136850266;9.024725947440674;32.091356277357804;8.981281687306595;-1.0;-1.0;364.6337654720992;228.07273864746094;3.0;none
317;1614444286;48.794064545333605;9.024427951159684;32.60711330164598;9.136008794593048;-1.0;-1.0;364.6337654720992;228.07286071777344;3.0;none
318;1614444287;48.79389496731956;9.024135691317289;33.10797530401872;9.28626739530487;-1.0;-1.0;364.6337654720992;228.80824279785156;3.0;none
319;1614444288;48.79374044668565;9.023871983341909;33.56186729658769;9.42243499307556;-1.0;-1.0;364.6337654720992;227.70977783203125;3.0;none
320;1614444289;48.79356701677721;9.023581294026286;34.06621682633089;9.57373985199852;-1.0;-1.0;364.6337654720992;228.5305938720703;3.0;none
321;1614444290;48.793385760030475;9.02326696815709;34.60344731796907;9.734908999489974;-1.0;-1.0;364.6337654720992;228.94374084472656;3.0;none
322;1614444291;48.793225566095714;9.022999762963664;35.06809580315279;9.87430354504509;-1.0;-1.0;364.6337654720992;227.30038452148438;3.0;none
323;1614444292;48.79304562845802;9.022711879018482;35.578396320235;10.027393700169753;-1.0;-1.0;364.6337654720992;226.51327514648438;3.0;none
324;1614444293;48.792873726168665;9.022437580849084;36.06522232283281;10.173441500949096;-1.0;-1.0;364.6337654720992;226.51327514648438;3.0;none
325;1614444294;48.79268301529943;9.022133500936448;36.605099797140824;10.3354047432415;-1.0;-1.0;364.6337654720992;225.96514892578125;3.0;none
326;1614444295;48.792502503848425;9.021853425464617;37.10892927635835;10.48655358700676;-1.0;-1.0;364.6337654720992;224.90406799316406;3.0;none
327;1614444296;48.792322173067376;9.02158450386338;37.6023358105533;10.634575547265245;-1.0;-1.0;364.6337654720992;224.0258331298828;3.0;none
328;1614444297;48.79213528225101;9.02131110126977;38.108914315592514;10.786549098777009;-1.0;-1.0;364.6337654720992;224.02606201171875;3.0;none
329;1614444298;48.791950133443876;9.021043472899146;38.60800582159685;10.93627655057831;-1.0;-1.0;364.6337654720992;222.0460205078125;3.0;none
330;1614444299;48.79176037013516;9.02078925050389;39.10192728031801;11.084452988194657;-1.0;-1.0;364.6337654720992;221.3056640625;3.0;none
331;1614444300;48.791583768986605;9.020555087496051;39.55952233065294;11.221731503295137;-1.0;-1.0;364.6337654720992;220.4346160888672;3.0;none
332;1614444301;48.79136863118506;9.020281654857287;40.107060789953934;11.385993041085436;-1.0;-1.0;364.6337654720992;219.65908813476562;3.0;none
333;1614444302;48.79118420483038;9.020058909973352;40.56694829453157;11.523959292458727;-1.0;-1.0;364.6337654720992;218.420166015625;3.0;none
334;1614444303;48.790977532392176;9.019827332469431;41.06813627470659;11.674315686511232;-1.0;-1.0;364.6337654720992;216.08705139160156;3.0;none
335;1614444304;48.79077268673274;9.019603365602956;41.56065982569383;11.822072751807404;-1.0;-1.0;364.6337654720992;215.25555419921875;3.0;none
336;1614444305;48.79055940238033;9.019384924643763;42.06266182650255;11.97267335205002;-1.0;-1.0;364.6337654720992;213.1246795654297;3.0;none
337;1614444306;48.790342359900485;9.01917058756782;42.56775331486391;12.124200798558427;-1.0;-1.0;364.6337654720992;213.1246795654297;3.0;none
338;1614444307;48.790116676525344;9.018954021278113;43.08860081423448;12.2804550483696;-1.0;-1.0;364.6337654720992;211.71951293945312;3.0;none
339;1614444308;48.789892034941246;9.018752921018095;43.59732681502031;12.433072848605349;-1.0;-1.0;364.6337654720992;209.0430145263672;3.0;none
340;1614444309;48.78967297128958;9.018575045257478;44.08189529169725;12.578443391608431;-1.0;-1.0;364.6337654720992;207.44625854492188;3.0;none
341;1614444310;48.78942962375335;9.018396358068683;44.60905480374025;12.73659124522133;-1.0;-1.0;364.6337654720992;205.43362426757812;3.0;none
342;1614444311;48.78919895864356;9.018231228282254;45.106371819864975;12.885786350058748;-1.0;-1.0;364.6337654720992;204.82003784179688;3.0;none
343;1614444312;48.788966971756885;9.018068852540244;45.604515313994156;13.035229398297503;-1.0;-1.0;364.6337654720992;204.8201446533203;3.0;none
344;1614444313;48.788751024101735;9.017923288845708;46.065264820944535;13.173454250382616;-1.0;-1.0;364.6337654720992;203.65927124023438;3.0;none
345;1614444314;48.78849167067631;9.017768999837529;46.608485817801224;13.336420549439623;-1.0;-1.0;364.6337654720992;200.16676330566406;3.0;none
346;1614444315;48.78827199061568;9.017644899149255;47.06549930561708;13.47352459578438;-1.0;-1.0;364.6337654720992;201.05487060546875;3.0;none
347;1614444316;48.78803412830476;9.017504284400415;47.56319928158449;13.622834588574602;-1.0;-1.0;364.6337654720992;201.73204040527344;3.0;none
348;1614444317;48.78779565170441;9.017353819224885;48.06679677952455;13.77391383795662;-1.0;-1.0;364.6337654720992;203.94175720214844;3.0;none
349;1614444318;48.787561587471984;9.017196538624672;48.56592428673433;13.923652090119553;-1.0;-1.0;364.6337654720992;203.94189453125;3.0;none
350;1614444319;48.78732702130762;9.017037339573676;49.06696027506517;14.073962886618805;-1.0;-1.0;364.6337654720992;204.61376953125;3.0;none
351;1614444320;48.78708342437527;9.016851369603293;49.59872579563783;14.233492542790604;-1.0;-1.0;364.6337654720992;207.16299438476562;3.0;none
352;1614444321;48.786865120736906;9.016674083114253;50.081584811102616;14.378350247430038;-1.0;-1.0;364.6337654720992;208.2899169921875;3.0;none
353;1614444322;48.78664967368903;9.01649582327948;50.560177326094376;14.521928001927566;-1.0;-1.0;364.6337654720992;210.02590942382812;3.0;none
354;1614444323;48.78643557616055;9.01627938924292;51.06209129084276;14.67250219135208;-1.0;-1.0;364.6337654720992;214.1665496826172;3.0;tunnelExit
357;1614444343;48.78362068310057;9.012583559212677;92.79951143558219;345.28880479594096;26.233421325683594;3.832859026020535;385.53714383633906;234.87022870934203;5.907881620480108;none
358;1614444344;48.78348494772066;9.012291627823977;92.79951144603594;345.2888047931315;26.23342132546214;3.8328590324104876;385.53719779197127;234.87000911102143;5.9078816204801265;none
359;1614444345;48.78340598491307;9.011955046932496;31.393966096686324;107.34331952033024;26.48958778358554;2.767966437572531;370.88835719041526;238.06830757617143;4.568418288659677;none
360;1614444346;48.78330077922525;9.011639593279316;22.803843538403548;72.05051077157098;26.48958778358563;2.985682055815496;376.30826187040657;245.89671325683594;4.630787418120614;none
361;1614444347;48.783234068749266;9.011278599796244;17.909396029372314;53.486345842875124;26.661291122204307;2.6661302902032986;379.6271670591086;250.3168487548828;4.177567522919733;none
362;1614444348;48.783175476026955;9.010921268629417;14.248377322821186;39.75003624922724;26.704071044688572;1.8105002577999283;374.03582033514977;253.22544860839844;3.1164490187867195;none
363;1614444349;48.783129042818246;9.010583084732303;10.700929266438134;29.352100264212222;26.704071044688636;1.3999861126325348;373.59808722883463;257.5069885253906;2.7413725354144622;none
364;1614444350;48.7830784887156;9.010210107274373;6.921306051049476;5.628144944942272;26.639786563245192;2.8299856895424864;383.80169902928174;262.939453125;5.320593539958508;none
365;1614444351;48.783058598302624;9.009848592858454;6.417551021262146;5.572410818721479;26.5210682866822;2.815972613338644;383.1407700544223;267.0729675292969;5.2565689825847945;none
366;1614444352;48.78304856613238;9.009484976200469;6.0174354418060325;5.525414822421021;26.47063178725879;2.8388807769738635;381.9675438515842;268.82244873046875;5.220425221741013;none
367;1614444353;48.78305203847223;9.00913070936207;5.804530203109811;5.499036412456992;26.513108059460055;2.479614009254426;381.8351101251319;273.04388427734375;5.177406551976551;none
368;1614444354;48.783064641415066;9.008779704710541;5.699732226182899;5.48910775647093;26.468645700329805;2.9016901363953824;382.090672833845;275.92987060546875;5.185176607928367;none
369;1614444355;48.78309072085795;9.008428673246623;5.638399667764287;5.473849827834904;26.6165927897999;2.9756044683910448;383.4491717116907;278.4642639160156;5.1773197139963445;none
370;1614444356;48.7831225497555;9.008069489087074;5.609067112687706;5.462316045596418;26.983755511570067;2.9093815943539205;384.4955179449171;279.30255126953125;5.174301898026866;none
371;1614444357;48.7831589882042;9.007714608876796;5.54931010781793;5.383498607213208;27.265472424996894;3.001988226977066;384.9842586806044;280.33636474609375;5.175861783582719;none
372;1614444358;48.783200079142354;9.007354194293288;5.33022792848091;5.303450621928359;27.399708510624304;2.9156637612711678;385.655145204626;281.76629638671875;5.173628191936633;none
373;1614444359;48.78324867304255;9.006991249875222;5.353818407839356;5.277374314796355;27.666355606482284;2.8972752151561356;383.94894495792687;281.76629638671875;5.175119997915748;none
374;1614444360;48.783301158133355;9.006629558844587;5.487221562793457;5.2744414750745;27.695412091862345;2.9321472586721855;383.1282272543758;281.76629638671875;5.180825648071005;none
375;1614444361;48.78335847373387;9.006267662261402;5.5932059945595025;5.268053399633401;27.569742758781985;2.9022619980165114;382.54586007632315;281.9770202636719;5.1868485425279545;none
376;1614444362;48.78342234262882;9.005909927554567;5.774820758468499;5.2795595330442175;27.451579207170873;2.897592874517617;381.78304755687714;284.4591979980469;5.202926355567365;none
377;1614444363;48.783489575547996;9.005558041523992;5.93999711331174;5.183169853546367;27.161726538026574;2.731518646739863;381.578440412879;285.8628234863281;5.1959415574240655;none
378;1614444364;48.783559019168536;9.005211260814901;5.9566657376196375;5.080852155403827;26.891085639983356;2.8115744380900485;380.9804558670148;284.85662841796875;5.207443108918098;none
379;1614444365;48.78362097339814;9.004863684717312;5.849461201898005;4.982056302403329;26.647097599344605;2.831778207659105;379.69873586297035;284.92822265625;5.1970428864161455;highwayEntrance
380;1614444366;48.78367199546333;9.004526941751532;5.752302071849432;4.8742432055399165;26.21511903081097;2.8040452079652862;377.89465458970517;284.92822265625;5.191262853867525;none
381;1614444367;48.78372396221974;9.004190759799306;5.688453092240337;4.790775379240517;25.999868723794275;2.8222741692107927;377.06654392462224;284.95892333984375;5.1993992823736965;none
382;1614444368;48.78378597284846;9.003845065946845;5.725255875882413;4.806016646680688;26.01362494871822;2.6690758834115655;376.9962655417621;284.5372314453125;5.193502243668958;none
383;1614444369;48.78383370660959;9.003495480139676;5.778425377385025;4.816353477033984;26.506058474495653;2.753903737165402;376.0624471809715;284.5372314453125;5.187143563063391;none
384;1614444370;48.783878917268375;9.003127013280604;5.813879325573275;4.8260656322673;27.31087723479037;2.9592857796318492;375.6796828992665;284.5372314453125;5.188642795661763;none
385;1614444371;48.78392967235274;9.00273663202144;5.91614133097616;4.870214208931933;29.084502023465674;2.9562835930082785;374.92665219213814;284.5372314453125;5.189305683265125;none
386;1614444372;48.78399775093925;9.002325140716291;5.809160892120353;4.868991953156952;30.67620146193579;3.2619179726566814;376.57175515405834;283.9962158203125;5.199985479312256;none
387;1614444373;48.784074981906734;9.001881042513167;5.572711924309194;4.9050825579895125;32.61782067412627;3.3512184568998262;376.07558362558484;284.130126953125;5.186590098670048;none
388;1614444374;48.78414489398009;9.001444268903624;5.406844964433768;4.926824889866702;32.53279314181435;3.2751697667306976;375.24186118133366;283.3877868652344;5.173035718749777;none
389;1614444375;48.78421119239225;9.00101408612796;5.487775974814107;4.982470768014941;32.191740117577154;3.2002307601129663;374.4517097333446;283.3877868652344;5.168961657173564;none
390;1614444376;48.784279271872315;9.000579421067636;5.586193968228208;5.049864017848449;32.81967081371565;3.1831384967183136;373.6614218214527;283.3877868652344;5.16532690673536;none
391;1614444377;48.784345537502816;9.000133030101756;5.616494914227472;5.108376455282137;33.16746409509649;3.363691434123706;373.1853084852919;283.4422912597656;5.16919538020457;none
392;1614444378;48.78441836321149;8.999689007968227;5.586291822498848;5.035105308107161;33.04239902786422;3.4084110882973477;369.78449832927436;283.0787353515625;5.172117947717191;none
393;1614444379;48.78450031791388;8.99924747300768;5.471702958253875;4.868967717636874;32.90702849839178;3.291026741095028;369.2999803768471;283.4265441894531;5.172818794760582;none
394;1614444380;48.7845790600027;8.998807180738474;5.355525799761878;4.751055352038435;32.721285784859354;3.3651932480714435;373.42088869959116;283.4265441894531;5.179728097272346;none
395;1614444381;48.78465467624377;8.998370986064504;5.310934812929939;4.651481701181615;32.62117917195957;3.250027870908439;372.0433684727177;283.15423583984375;5.170854285626342;none
396;1614444382;48.78472596559747;8.997935837688814;5.33160847289726;4.577437274760218;32.38544680747384;3.105342981840529;369.7071550004184;283.15423583984375;5.165243021849923;none
397;1614444383;48.784796753250745;8.99749578970632;5.231734351952016;3.6618450654984853;32.302667825983356;3.077728411107581;368.8789155166596;283.1794128417969;5.16377488020593;none
398;1614444384;48.78486557630784;8.997056657477756;5.320494736404462;3.238362436992709;32.186361024749885;3.1684467938380294;369.22901573684067;283.1794128417969;5.169681075990797;none
399;1614444385;48.784932649224;8.996619440607423;5.356722507382863;2.971224641969843;32.08150548860855;3.0936649858357494;369.1482743900269;283.1794128417969;5.16698054608295;none
400;1614444386;48.78499701299642;8.996195708190482;5.4152065789681485;2.8745711686856485;31.84321985514082;3.3029511072723294;367.9833710407838;283.1794128417969;5.175002241999152;none
401;1614444387;48.78507137729689;8.995772525868547;5.482269340251077;2.7986888990331433;31.686874132552536;3.3104483098257513;367.3614421226084;283.1794128417969;5.1781372323389725;none
402;1614444388;48.785140133031106;8.995348292373574;5.589143922947711;2.7045257306890145;31.52250895296142;3.0080905626484893;365.8240407919511;283.1794128417969;5.168565675446953;none
403;1614444389;48.785205854154704;8.994920173066971;5.661926224089739;2.6359872813427216;31.548650086168994;2.968803448595916;365.4669452039525;283.3236389160156;5.167895502125415;none
404;1614444390;48.78527132252494;8.99449525404073;5.65342991046239;2.620527939738404;31.573614014815956;3.228610684404991;365.01270222943276;283.3236389160156;5.175092882830195;none
405;1614444391;48.7853339161984;8.994067360333874;5.622418626098388;2.6173832808845225;31.648298391252908;3.0112560397274923;365.2041179696098;283.02239990234375;5.1655410457230655;none
406;1614444392;48.7853960277584;8.993645328836333;5.531574084554096;2.6583186885068915;31.659199627531322;3.023738236545005;365.2838859260082;283.02239990234375;5.164574104431231;none
407;1614444393;48.78544914940338;8.993224452575193;5.477319488557933;2.682507989877526;31.63514455021492;3.311974546060063;364.7903205631301;283.02239990234375;5.172761196764111;none
408;1614444394;48.78551619373711;8.992805379156097;5.529449797062619;2.654010891334191;31.530409889143158;3.132161126928621;364.3966139080003;283.4898986816406;5.169112446070925;none
409;1614444395;48.78558653519068;8.992381424044181;5.5275639228145685;2.6523466877766175;31.5395962780677;3.2427114402891526;364.2459595100954;283.4898986816406;5.173393750995301;none
410;1614444396;48.78565476501182;8.991961618969626;5.44772136662991;2.6758427266947638;31.481070023049476;3.1061085697411297;364.41675652749836;282.79571533203125;5.166957805403555;none
411;1614444397;48.78572294563344;8.991545563052435;5.442171311846851;2.6677460240958344;31.377599547230727;3.211555338275909;363.441668744199;282.79571533203125;5.171028828096574;none
412;1614444398;48.78578905467931;8.991127782252075;5.475453602224571;2.642093777624593;31.136915891502348;3.0747513177373937;363.5110838031396;283.4096374511719;5.1688067023429936;none
413;1614444399;48.785853715487214;8.990712004171652;5.4850409757619065;2.6268374722503745;30.925859170059177;2.9960082592423025;362.70985657535493;282.8984680175781;5.167734647304421;none
414;1614444400;48.78591791225643;8.990304249011185;5.41910255210174;2.644549092300539;30.68919690832977;3.1698814191705136;363.49079772643745;283.9957275390625;5.1779817785505005;none
415;1614444401;48.78598712251717;8.989897034264205;5.438218101931952;2.6197523841048134;30.45987997615542;2.9139032098574926;364.28970862552524;283.4438781738281;5.168977100011979;none
416;1614444402;48.78605917656129;8.98950379973123;5.441359007042226;2.6237177675434835;30.16709528106112;3.0205538810431745;363.4501655716449;283.4438781738281;5.185912180591316;none
417;1614444403;48.786128931588884;8.98911354412867;5.44299187795734;2.6317982244195353;29.840577297414193;3.043831387989466;362.9697836181149;283.7386779785156;5.190487277772579;none
418;1614444404;48.78619733087504;8.9887303426986;5.385374653930182;2.6827398873687427;29.519668150951517;3.0393297334522575;362.0380580248311;284.1202697753906;5.187418280608045;none
419;1614444405;48.786262838815;8.988344214112443;5.323954681516418;2.7255891031491104;29.29991041859668;2.9889950920367214;362.434220565483;284.1202697753906;5.1860805799943615;none
420;1614444406;48.78633036877051;8.987962135034548;5.312784759349096;2.7546251888088262;29.191570626166662;2.948611997292821;361.47776586096734;284.1202697753906;5.186305455376229;none
421;1614444407;48.78640029670083;8.987574287746833;5.324755182514184;2.7702574112638727;29.169835465736263;2.882353779120423;363.90157644450665;285.0921936035156;5.182961723991476;none
422;1614444408;48.78646955124341;8.987193522298966;5.325750640450644;2.814355083086238;28.953031420282755;2.8514467724964043;363.70482334215194;285.7587585449219;5.183193422674339;none
423;1614444409;48.786542649049146;8.986820698420418;5.278118996691116;2.8812364025558717;28.68653476334021;3.0451943935485617;363.50918703339994;286.35589599609375;5.208679827108529;none
424;1614444410;48.78661791535486;8.986451886679232;5.250675299334005;2.9412409066637584;28.41074783185005;2.9726054354484446;363.4552633659914;287.43017578125;5.206729224692599;none
425;1614444411;48.78669650990715;8.986081166924148;5.252211891288785;2.985151721721629;28.19487800391371;2.835420456971158;364.87919665593654;289.0145568847656;5.19981758885228;none
426;1614444412;48.78677971440122;8.985735945898309;5.1996923499562655;3.0534003489094697;27.7812705947719;2.9888532542349457;362.83925882261246;289.0145568847656;5.2486255961799655;none
427;1614444413;48.78686474384341;8.985384422604858;5.205454497478042;3.0269934822419864;27.476269303380608;2.968501429917197;364.24641655758023;291.4507141113281;5.26712872311274;none
428;1614444414;48.78696037627141;8.98504312165126;5.1086582464872485;3.0222731779455314;27.136816327347212;2.7692681446799554;364.9224550211802;293.06992883923516;5.251774608929416;none
429;1614444415;48.78706130265432;8.98471908264419;5.010433197254004;3.025765242423718;26.51582495012956;2.6996924845619503;364.5007901713252;294.7241570576259;5.269084658615984;highwayExit
430;1614444416;48.78716448055597;8.98440563605995;4.9691877223051755;3.021872004781197;25.842657567256374;2.6180819514500415;364.2402216317132;296.48474352793437;5.288163029527624;none
431;1614444417;48.787275799703075;8.984093918052103;4.973447630183696;3.0148558344652265;25.209345907301977;2.5483142844170303;365.46944967936724;298.7058207378439;5.318793866112587;none
432;1614444418;48.787380443161744;8.98380917524752;4.970060193680145;3.0204368399264565;23.857796286065145;2.477572356152818;365.8986014351249;298.9509432925987;5.372159085290184;none
433;1614444419;48.78747327515558;8.983548083448369;4.9789187311289185;3.005811920530364;21.918122641937757;2.3069841183373594;366.5580471577123;297.86951167001985;5.388085417460315;none
434;1614444420;48.78754708982528;8.983317576004206;5.054792942866697;2.8763875499546088;18.66718845314685;2.0113676396634865;367.55043425038457;298.03784353735193;5.485941095350792;none
435;1614444421;48.7876362526269;8.983163988889904;5.078662032213956;2.8340305212430654;14.636513142474202;2.1646019803279755;367.64486102294177;312.02219236144526;8.103267325764612;none
436;1614444422;48.78772539104199;8.983104203396122;5.073677511330307;2.842944520002093;10.832025676018148;1.7392213973804806;367.5463857194409;338.1404113769531;9.125741850881749;none
437;1614444423;48.78780615430902;8.98306527678586;5.1041913381030195;2.7877890552950633;9.11924293963851;2.1060681227390847;367.6451822593808;348.89813232421875;10.531900195640864;none
438;1614444424;48.78785919084974;8.98306003380478;5.139910058883164;2.7213712755485084;6.127687560310106;1.9870343798800034;367.8217976158485;355.9739990234375;15.387415542353684;none
439;1614444425;48.78791660533826;8.983067718147693;5.160725134696391;2.681688482449397;5.991004210496575;2.7079840818589545;367.6047853482887;0.0;20.750145977117903;none
440;1614444426;48.78797810540556;8.983084056448359;5.1578706151731435;2.687174677969829;6.884530606256564;2.608599456222713;367.66457342915237;0.0;17.31438546388319;none
441;1614444427;48.788049433694944;8.983106285225034;5.180271525527448;2.643732958261549;8.080000499470865;1.9991880465146916;368.2193322852254;12.101030349731445;11.271590340060783;none
442;1614444428;48.788125238496704;8.983135335751069;5.207512928287651;2.5896613937937554;8.378695329510688;2.436745316963334;368.3489336492494;12.101030349731445;13.251659582613751;none
443;1614444429;48.78819781825393;8.98315677937938;5.23473377757245;2.5341861239322765;8.705923284645847;2.483734802357465;368.548104070127;15.037342071533203;13.004999523938654;none
444;1614444430;48.78828279357537;8.983179120692544;5.278073138866465;2.442638117602593;9.760706026430807;2.133540742688356;369.33054822776467;15.712102890014648;9.979377601788192;none
445;1614444431;48.78837587663533;8.983204962042448;5.307399738222001;2.3782441110007753;10.750516540395905;2.387176123252584;370.1883389642462;15.712102890014648;10.156343197598334;none
446;1614444432;48.78847644361556;8.983226971881486;5.35579036296779;2.2671670914888877;11.35040325613133;2.1058664665762135;370.5839662104845;8.705793380737305;8.524024001458697;none
447;1614444433;48.78859516495371;8.98324442990551;5.4146393858394815;2.1227852821481212;12.99822581760725;2.2181068810594358;370.5760350022465;8.705793380737305;7.863305396487595;none
448;1614444434;48.78872014118577;8.98325612860213;5.4012883743317985;2.1565298351975097;14.422447677604003;2.1400516125637052;370.0591795546934;3.4267070293426514;6.84745329150143;none
449;1614444435;48.78885916013391;8.983294792344598;5.3550955255666235;2.268807824573329;15.4267865491024;1.9018035918217953;368.8664373345673;5.121565341949463;5.655164312759535;none
450;1614444436;48.78899869093517;8.983320052114625;5.314956707791959;2.361307313139504;15.598566521897007;1.6108593673667464;368.3142874343321;4.567434310913086;5.142863091852087;none
451;1614444437;48.789138737036765;8.98333935800711;5.315281116871764;2.3605769806162398;15.77565521919336;2.1369953835113025;368.0560818789527;2.4439024925231934;6.2520047429012005;none
452;1614444438;48.789285737912856;8.98335598165536;5.299670158999287;2.395419219802933;16.015467366935106;2.126526752287957;367.30727699026465;5.015397071838379;6.1460843007675034;none
453;1614444439;48.78943237073649;8.983366445403066;5.277603189808017;2.4436533313293594;16.113710251414187;2.0533989293072756;367.50482057221234;5.6713337898254395;5.924889904387705;none
454;1614444440;48.7895806726121;8.98337543182473;5.256543155466498;2.488632372912307;16.214999675726073;1.7288855701376942;366.72788978461176;4.255856990814209;5.1637459504546745;none
455;1614444441;48.7897283993614;8.983383109916678;5.240260793572008;2.522737372010986;16.09503188786385;1.7451388428108954;365.6866538207978;4.255856990814209;5.175323362554452;none
456;1614444442;48.789872587405206;8.983390569464152;5.236608175735752;2.530310622553349;15.536186651794745;1.9868116255149464;365.07949630357325;5.332420825958252;5.977231235301913;none
457;1614444443;48.79001720317995;8.983431305167667;5.200163542063728;2.604387868306113;14.639309756510055;1.518611332313766;364.65781583078206;5.332420825958252;5.148979864584089;none
458;1614444444;48.79013192882006;8.983461241654144;5.197501363998791;2.609696649808084;12.572852700388632;2.18284520082213;363.73178347945213;5.332420825958252;8.035241774184781;none
459;1614444445;48.790230880014775;8.98349352730867;5.195544134756737;2.6135910499892114;10.153351351515274;1.972376957214439;363.49143630545586;3.1106746196746826;8.889800896158045;none
460;1614444446;48.7903008475663;8.98350756907307;5.191698314870317;2.6212221653575165;7.862353042461038;2.284976323635509;362.9991131275892;3.1106746196746826;13.28346747676601;none
461;1614444447;48.79036784353123;8.983508852635827;5.212800357350739;2.5790016415645876;7.633485338951702;2.2784561660446907;362.5382034089416;3.1106746196746826;14.098245250453665;none
462;1614444448;48.79042258721406;8.983453934302759;5.210023438070294;2.584606896134696;7.230700248180594;2.5470633249639385;362.29224187042564;331.1005021655511;18.06672747599649;none
463;1614444449;48.79038622676061;8.983357057507908;8.234508736068104;2.5533883914327804;7.053375054275096;2.4530129675055425;362.9254866335541;274.26824951171875;15.482112077133765;none
464;1614444450;48.790391586823716;8.9832483612816;5.205039800553819;2.5946286261119336;7.474387240909055;2.573418822318591;363.17914993781596;274.26824951171875;11.562657589443006;none
465;1614444451;48.79039787385688;8.983120867234613;5.170981614998616;2.661857653995634;8.48543928003678;2.611612158089699;363.6809478988871;274.26824951171875;9.99515094603626;none
466;1614444452;48.790404454042246;8.982987428638245;5.165667939146437;2.672154893576238;9.300680775475605;2.6218266892115865;364.4907452268526;274.26824951171875;9.273033728564325;none
467;1614444453;48.79041643651094;8.982853974997733;5.156872662925461;2.6890893200414343;9.323929897234828;2.187287519170037;365.0243211397901;277.463623046875;7.557420833383138;none
468;1614444454;48.79043787543046;8.982729597907461;5.165433087364599;2.672608847689437;9.023677787995227;2.083399877522766;365.4632693817839;277.463623046875;7.434810854653728;none
469;1614444455;48.790439120709514;8.98260619804232;5.162931782659761;2.677437663212822;8.665801525899285;2.519804181879676;366.22179932985455;277.463623046875;9.156403529312984;none
470;1614444456;48.79045455003942;8.982490210725663;5.156426635349079;2.6899444951618268;8.076588215902902;2.179984848060536;366.59215669706464;277.463623046875;11.377303798652049;none
471;1614444457;48.7904469026547;8.982405097872043;5.185099460018954;2.634251434943139;7.737763035808059;2.019974662783617;366.8678039368242;239.74055566193044;13.650851330782258;none
472;1614444458;48.790443526680164;8.98234527314508;5.178872384378615;2.6464727202654834;7.642780103002565;2.4863905927420675;367.083332487382;217.67726012342285;16.795536256636428;none
473;1614444459;48.79030399871524;8.982216072035131;5.191394333268994;2.621824156821242;7.929874866614088;2.4457148881336224;367.4900611322373;185.11038208007812;14.920069845699887;none
474;1614444460;48.7902273468903;8.982205697136155;5.189879256964005;2.624821961757328;8.751381048582;2.465075280236151;368.0103488685563;185.11038208007812;12.89524170530524;none
475;1614444461;48.79014136751503;8.982194059755209;5.184958916040481;2.634528054844199;9.744202730759342;1.9588313603630418;368.6610698401928;185.11038208007812;9.18263255345257;none
476;1614444462;48.79006148863709;8.982183248077495;5.173490066590694;2.6569790295891034;10.253544392242823;2.1509346778104677;369.27301474660635;185.11038208007812;9.606626818136597;none
477;1614444463;48.78995662073181;8.982165113255578;5.160032290629214;2.6830213924701876;10.510957878375118;2.3042996451442708;369.55781974550337;185.11038208007812;10.043496975769129;none
478;1614444464;48.789861969826184;8.982147590819096;5.17013183272884;2.6635078120765403;10.317722135338164;2.212694915548301;369.87060123775154;185.11038208007812;9.929471036850911;none
479;1614444465;48.78977126776993;8.982135345775495;5.1827564752573325;2.638858152869728;10.066760152386466;2.4125525085912156;370.2689374741167;185.11038208007812;10.980618960136091;none
